{"cameraMode":{"drawMode":0,"name":"Shaded","section":"Shading Mode"},"sceneLighting":true,"audioPlay":false,"sceneViewState":{"showFog":true,"showMaterialUpdate":false,"showSkybox":true,"showFlares":false,"showImageEffects":false,"showParticleSystems":true},"in2DMode":false,"pivot":{"x":-0.26253360509872439,"y":0.7555544972419739,"z":0.10955023765563965},"rotation":{"x":-0.07224292308092118,"y":0.011067666113376618,"z":-0.0008003913681022823,"w":-0.997333824634552},"size":5.1294355392456059,"orthographic":false}